{
    "intrinsic_parameters": {
        "focal_length": [
            955.9831309528636,
            956.7749752283094
        ],
        "skew": 0.0,
        "principal_point": [
            368.88206140847524,
            648.8286752813
        ]
    },
    "extrinsic_parameters": [
        {
            "image_id": 1,
            "rotation_matrix": [
                [
                    0.013891168306155544,
                    -0.9969698943476154,
                    -0.07653799845563419
                ],
                [
                    0.9889627428285949,
                    0.024991300511939277,
                    -0.14604152901029452
                ],
                [
                    0.14751179186774463,
                    -0.07366454142412443,
                    0.9863132395931532
                ]
            ],
            "translation_vector": [
                3.0433896406032903,
                -3.752265106608328,
                15.171253527963373
            ]
        },
        {
            "image_id": 2,
            "rotation_matrix": [
                [
                    0.24205099915578146,
                    0.8902074815600511,
                    -0.38592998533697687
                ],
                [
                    -0.9434570289201762,
                    0.12309245305859608,
                    -0.30779389627010356
                ],
                [
                    -0.22649536063416795,
                    0.43861017746346087,
                    0.8696671569265276
                ]
            ],
            "translation_vector": [
                -2.704148342436,
                4.097832030216619,
                15.034406811245491
            ]
        },
        {
            "image_id": 3,
            "rotation_matrix": [
                [
                    0.01203107754785224,
                    0.9626280446376729,
                    -0.2705596068338512
                ],
                [
                    -0.9952847256854831,
                    -0.014515925318357086,
                    -0.09590413301482144
                ],
                [
                    -0.0962474310836931,
                    0.2704376741306626,
                    0.9579143471211752
                ]
            ],
            "translation_vector": [
                -2.961599840920544,
                1.9768013961491049,
                14.95377133840352
            ]
        },
        {
            "image_id": 4,
            "rotation_matrix": [
                [
                    0.04928869857353253,
                    -0.9849949335447724,
                    -0.1653952994617958
                ],
                [
                    0.9864510661821561,
                    0.02206444258627375,
                    0.16256523121948577
                ],
                [
                    -0.15647657403271362,
                    -0.17116699817571926,
                    0.9727368300390904
                ]
            ],
            "translation_vector": [
                3.5142770177040767,
                -2.5530316426783197,
                18.446536225630425
            ]
        },
        {
            "image_id": 5,
            "rotation_matrix": [
                [
                    0.16527336317052477,
                    -0.9025785877745051,
                    -0.39753818472856667
                ],
                [
                    0.9767890813780732,
                    0.09411038849113752,
                    0.19242225775264948
                ],
                [
                    -0.13626373665390118,
                    -0.42011323196136935,
                    0.8971828500389923
                ]
            ],
            "translation_vector": [
                3.906978872359923,
                -2.976891291173167,
                18.147331726065243
            ]
        },
        {
            "image_id": 6,
            "rotation_matrix": [
                [
                    0.016226771611398065,
                    -0.996361358718132,
                    -0.08367039342819671
                ],
                [
                    0.9918460353635338,
                    0.026619232478205218,
                    -0.12463088941314202
                ],
                [
                    0.1264046439681355,
                    -0.08096579102083154,
                    0.9886690076398975
                ]
            ],
            "translation_vector": [
                3.6074024564812444,
                -1.1091579613414877,
                14.520406795489338
            ]
        },
        {
            "image_id": 7,
            "rotation_matrix": [
                [
                    -0.017521904047090517,
                    -0.9945648357056723,
                    -0.10263415833100284
                ],
                [
                    0.9164954708098748,
                    0.025055114324718734,
                    -0.3992596814495062
                ],
                [
                    0.39966115005533176,
                    -0.10105953108897789,
                    0.9110751540419295
                ]
            ],
            "translation_vector": [
                3.5007701606147275,
                -2.4802664254006204,
                12.941538670629518
            ]
        },
        {
            "image_id": 8,
            "rotation_matrix": [
                [
                    0.055771821235889696,
                    -0.9804528757270259,
                    0.18868402803268042
                ],
                [
                    0.9969852197952485,
                    0.04447672730340193,
                    -0.06357902357066418
                ],
                [
                    0.05394418843445707,
                    0.19166110509695017,
                    0.979977573889915
                ]
            ],
            "translation_vector": [
                2.6619746744310455,
                -3.978953328624729,
                15.005226171951534
            ]
        },
        {
            "image_id": 9,
            "rotation_matrix": [
                [
                    -0.27402027193791817,
                    -0.8474444267028991,
                    0.4546986191063966
                ],
                [
                    0.9120064470292233,
                    -0.07892832166033939,
                    0.40251032361545
                ],
                [
                    -0.3052165315709517,
                    0.5249840604152439,
                    0.7945027408169976
                ]
            ],
            "translation_vector": [
                3.1359491750432604,
                -2.8669456448494923,
                18.126290312828086
            ]
        },
        {
            "image_id": 10,
            "rotation_matrix": [
                [
                    0.05396736435620847,
                    -0.9982898897147793,
                    -0.022468192577471943
                ],
                [
                    0.9908184938143222,
                    0.05074303664613892,
                    0.12531502921615914
                ],
                [
                    -0.12396062237647267,
                    -0.02902482256935824,
                    0.9918625528644859
                ]
            ],
            "translation_vector": [
                2.61898423301908,
                -1.7721526503053546,
                16.015388143992688
            ]
        },
        {
            "image_id": 11,