{
    "intrinsic_parameters": {
        "focal_length": [
            1459.6591988782702,
            1458.1478364838722
        ],
        "skew": 0.0,
        "principal_point": [
            783.519188003288,
            738.2615409886507
        ]
    },
    "extrinsic_parameters": [
        {
            "image_id": 1,
            "rotation_matrix": [
                [
                    0.9975703940919282,
                    0.03018950244689808,
                    -0.06278457432589427
                ],
                [
                    -0.02862335883342316,
                    0.999259922461118,
                    0.025696511282534508
                ],
                [
                    0.06351387376288825,
                    -0.0238369734867718,
                    0.9976962396113472
                ]
            ],
            "translation_vector": [
                -1.701648784740041,
                -2.471502134043592,
                8.054530544217991
            ]
        },
        {
            "image_id": 2,
            "rotation_matrix": [
                [
                    0.7743016722341013,
                    0.5301116802737093,
                    -0.3455987945766871
                ],
                [
                    -0.387436483138736,
                    0.8289279158424954,
                    0.4034494787084312
                ],
                [
                    0.5003497695698104,
                    -0.17849402447813667,
                    0.8472248764743845
                ]
            ],
            "translation_vector": [
                -2.560725708002232,
                -1.450480450592356,
                11.690538842260306
            ]
        },
        {
            "image_id": 3,
            "rotation_matrix": [
                [
                    0.8157626178979926,
                    0.5505542956042595,
                    0.17726059582409015
                ],
                [
                    -0.5676261559943911,
                    0.8209030339971487,
                    0.06259996649605712
                ],
                [
                    -0.11104908046105094,
                    -0.15168446316605388,
                    0.9821710265339643
                ]
            ],
            "translation_vector": [
                -3.830250437152995,
                -0.9248809617206719,
                10.249894151530256
            ]
        },
        {
            "image_id": 4,
            "rotation_matrix": [
                [
                    0.2741083988950911,
                    0.9598479423295374,
                    -0.05963650946293499
                ],
                [
                    -0.9616824525697416,
                    0.27321461551030396,
                    -0.022817412013710126
                ],
                [
                    -0.005607679967352543,
                    0.06360582895702163,
                    0.9979593440857568
                ]
            ],
            "translation_vector": [
                -2.6365877766910004,
                0.3079369585394785,
                9.264120102160163
            ]
        },
        {
            "image_id": 5,
            "rotation_matrix": [
                [
                    -0.009760750132226496,
                    -0.9462354589166416,
                    0.3233313842571879
                ],
                [
                    0.9786878643960336,
                    0.05728851697294307,
                    0.1972006336373491
                ],
                [
                    -0.20512140756339256,
                    0.3183653280617314,
                    0.9255099816033101
                ]
            ],
            "translation_vector": [
                1.444467235503265,
                -1.9731492095195433,
                8.57183004402712
            ]
        },
        {
            "image_id": 6,
            "rotation_matrix": [
                [
                    0.011475076498027549,
                    -0.9998758772341336,
                    0.010795959644062297
                ],
                [
                    0.9987759656853772,
                    0.01198061523302622,
                    0.04798994923815078
                ],
                [
                    -0.04811333483148434,
                    0.01023205668035444,
                    0.9987894733263278
                ]
            ],
            "translation_vector": [
                2.4946790518921715,
                -1.2687134115998282,
                9.187382090787683
            ]
        },
        {
            "image_id": 7,
            "rotation_matrix": [
                [
                    0.6719556149761342,
                    0.19211051489896158,
                    -0.7152406598951861
                ],
                [
                    0.40611481742950384,
                    0.7120303698376094,
                    0.5727857430951979
                ],
                [
                    0.6193112356208679,
                    -0.6753564262625871,
                    0.40043387836143535
                ]
            ],
            "translation_vector": [
                -1.8139809787270378,
                -3.213947302959478,
                13.425329854680124
            ]
        },
        {
            "image_id": 8,
            "rotation_matrix": [
                [
                    0.8179240067672415,
                    -0.5692193006046079,
                    -0.08360446742263594
                ],
                [
                    0.3656153335387991,
                    0.4020668628281541,
                    0.8394448556616683
                ],
                [
                    -0.44421362770083306,
                    -0.7171691750450011,
                    0.5369754438800144
                ]
            ],
            "translation_vector": [
                1.857496077919165,
                -1.314026902203505,
                16.59386197805956
            ]
        },
        {
            "image_id": 9,
            "rotation_matrix": [
                [
                    0.8924515676745957,
                    0.3543315604612711,
                    -0.27924781935806964
                ],
                [
                    -0.30742467756943626,
                    0.9306610942840571,
                    0.19839353620350014
                ],
                [
                    0.3301821724086337,
                    -0.09120895157319764,
                    0.9395002182950429
                ]
            ],
            "translation_vector": [
                -2.6513527514795845,
                -2.0584305181681932,
                9.689061414617012
            ]
        },
        {
            "image_id": 10,
            "rotation_matrix": [
                [
                    0.31769601644353906,
                    -0.1658751286173126,
                    -0.9335709308039193
                ],
                [
                    0.6463662198593809,
                    0.7582517484182609,
                    0.08523494497765793
                ],
                [
                    0.6937434330936767,
                    -0.6305075159955192,
                    0.3481096397868911
                ]
            ],
            "translation_vector": [
                0.11172417547595191,
                -3.325332871115454,
                11.552267944057373
            ]
        },
        {
            "image_id": 11,